task_count,records,tokens,accuracy,macro_f1,weighted_f1
1,33,252,0.8452380952380952,0.6796754196486817,0.8568936885813636
2,47,422,0.8862559241706162,0.8886388380909495,0.887312794097151
3,18,199,0.8693467336683417,0.7920848520854513,0.8597950114063588
4,2,39,0.6153846153846154,0.5429945054945056,0.6445759368836291
