domain,records,tokens,accuracy,macro_f1,weighted_f1
dosya_yazılım_geliştirme,25,272,0.875,0.8004315809403801,0.8699163895846197
ofis_metin_düzenleme,25,236,0.8771186440677966,0.7939156340644713,0.886635505255923
tarayıcı_internet,25,202,0.8168316831683168,0.6695112200588591,0.8442989916443924
temel_bilgisayar,25,202,0.8613861386138614,0.781360942119456,0.8759029862262242
