domain,records,tokens,accuracy,macro_f1,weighted_f1
dosya_yazılım_geliştirme,101,747,0.9625167336010709,0.9680261659140222,0.9618230373643917
ofis_metin_düzenleme,64,394,0.9695431472081218,0.9449222765986176,0.9693141614290752
tarayıcı_internet,35,261,0.9655172413793104,0.980062048194687,0.9650677861274175
temel_bilgisayar,50,335,0.9492537313432836,0.9406352864767329,0.9540390432286219
