task_count,records,tokens,accuracy,macro_f1,weighted_f1
1,84,401,0.9226932668329177,0.9320564617181112,0.9248839341722787
2,70,465,0.978494623655914,0.9875427592062633,0.978886558462572
3,65,552,0.967391304347826,0.9691614630505112,0.966821008580386
4,21,201,0.9900497512437811,0.9883928571428572,0.9904228855721392
5,10,118,0.9576271186440678,0.8967032967032968,0.9515738498789347
