{
  "model": "DeepSeek",
  "normalized": true,
  "records_gold": 200,
  "records_evaluated": 186,
  "tokens_evaluated": 1594,
  "boundary_accuracy": 0.8682559598494354,
  "boundary_macro_f1": 0.8510515889445084,
  "boundary_weighted_f1": 0.8679483253194987,
  "boundary_cohen_kappa": 0.7844396519248391,
  "task_accuracy": 0.8331242158092849,
  "task_macro_f1": 0.7280533960562103,
  "task_weighted_f1": 0.8191060505955197,
  "task_cohen_kappa": 0.8195752228054767,
  "task_no_o_accuracy": 0.8478093774019985,
  "task_no_o_macro_f1": 0.7249010398496569,
  "task_no_o_cohen_kappa": 0.8376134539810859,
  "task_exact_match_count": 85,
  "task_exact_match_rate": 0.45698924731182794,
  "boundary_exact_match_count": 97,
  "boundary_exact_match_rate": 0.521505376344086,
  "both_exact_match_count": 81,
  "both_exact_match_rate": 0.43548387096774194,
  "invalid_boundary_token_count": 0,
  "invalid_task_token_count": 5,
  "invalid_boundary_labels": {},
  "invalid_task_labels": {
    "DÜZELT": 2,
    "BIRAK": 1,
    "ÇİZ": 2
  },
  "missing_id_count": 0,
  "length_error_count": 14
}