domain,records,tokens,accuracy,macro_f1,weighted_f1
dosya_yazılım_geliştirme,101,747,0.9558232931726908,0.9506008734368433,0.9557742764729928
ofis_metin_düzenleme,64,394,0.9593908629441624,0.9349798555167015,0.9606933611662946
tarayıcı_internet,35,261,0.946360153256705,0.9643986264256451,0.9460419713874618
temel_bilgisayar,50,335,0.9283582089552239,0.9270636508266104,0.9329914970907474
