task_count,records,tokens,accuracy,macro_f1,weighted_f1
1,84,401,0.9002493765586035,0.9063696628984874,0.9036232882056477
2,70,465,0.967741935483871,0.9713490360930547,0.9684002113189355
3,65,552,0.967391304347826,0.9629434924341324,0.9670636942321679
4,21,201,0.9502487562189055,0.9568438824805284,0.9482362857898224
5,10,118,0.9661016949152542,0.9347692307692307,0.9563233376792698
