{
  "model": "ChatGPT",
  "normalized": true,
  "records_gold": 200,
  "records_evaluated": 200,
  "tokens_evaluated": 1706,
  "boundary_accuracy": 0.9601406799531067,
  "boundary_macro_f1": 0.952148005314915,
  "boundary_weighted_f1": 0.9596905648159529,
  "boundary_cohen_kappa": 0.9345770358673584,
  "task_accuracy": 0.9419695193434936,
  "task_macro_f1": 0.9384293771523882,
  "task_weighted_f1": 0.942578027520926,
  "task_cohen_kappa": 0.9372377380702873,
  "task_no_o_accuracy": 0.9566473988439307,
  "task_no_o_macro_f1": 0.9189984018649427,
  "task_no_o_cohen_kappa": 0.9537138968116433,
  "task_exact_match_count": 165,
  "task_exact_match_rate": 0.825,
  "boundary_exact_match_count": 175,
  "boundary_exact_match_rate": 0.875,
  "both_exact_match_count": 165,
  "both_exact_match_rate": 0.825,
  "invalid_boundary_token_count": 0,
  "invalid_task_token_count": 0,
  "invalid_boundary_labels": {},
  "invalid_task_labels": {},
  "missing_id_count": 0,
  "length_error_count": 0
}