domain,records,tokens,accuracy,macro_f1,weighted_f1
dosya_yazılım_geliştirme,25,272,0.7610294117647058,0.6696823446085497,0.7548527961453902
ofis_metin_düzenleme,24,228,0.7368421052631579,0.6126847181563595,0.7214968858666461
tarayıcı_internet,25,202,0.7425742574257426,0.606091184495324,0.7420151632343439
temel_bilgisayar,25,202,0.801980198019802,0.7599979291607406,0.8015015932491468
