task_count,records,tokens,accuracy,macro_f1,weighted_f1
1,33,252,0.7579365079365079,0.5305666747344554,0.7670695598646323
2,47,422,0.8056872037914692,0.781156290658896,0.8040064149774191
3,17,191,0.6649214659685864,0.5410994119586161,0.646449860191771
4,2,39,0.7435897435897436,0.5926470588235294,0.7453996983408748
