{
  "model": "DeepSeek",
  "normalized": false,
  "records_gold": 200,
  "records_evaluated": 186,
  "tokens_evaluated": 1594,
  "boundary_accuracy": 0.8682559598494354,
  "boundary_macro_f1": 0.8510515889445084,
  "boundary_weighted_f1": 0.8679483253194987,
  "boundary_cohen_kappa": 0.7844396519248391,
  "task_accuracy": 0.8067754077791719,
  "task_macro_f1": 0.5625003521609757,
  "task_weighted_f1": 0.8031668835776219,
  "task_cohen_kappa": 0.7914007048881165,
  "task_no_o_accuracy": 0.8155265180630284,
  "task_no_o_macro_f1": 0.5593479219529046,
  "task_no_o_cohen_kappa": 0.8035946012418125,
  "task_exact_match_count": 80,
  "task_exact_match_rate": 0.43010752688172044,
  "boundary_exact_match_count": 97,
  "boundary_exact_match_rate": 0.521505376344086,
  "both_exact_match_count": 76,
  "both_exact_match_rate": 0.40860215053763443,
  "invalid_boundary_token_count": 0,
  "invalid_task_token_count": 99,
  "invalid_boundary_labels": {},
  "invalid_task_labels": {
    "DÖN": 6,
    "DÜZELT": 2,
    "OLUŞTUR": 35,
    "ÇIKAR": 2,
    "YAP": 21,
    "YENİLE": 8,
    "GÖSTER": 9,
    "BIRAK": 1,
    "GETİR": 3,
    "ÇİZ": 2,
    "GÖTÜR": 4,
    "EKLE": 6
  },
  "missing_id_count": 0,
  "length_error_count": 14
}