domain,records,tokens,accuracy,macro_f1,weighted_f1
dosya_yazılım_geliştirme,25,272,0.875,0.8107478498729813,0.8675913248304167
ofis_metin_düzenleme,25,236,0.8220338983050848,0.7830942584436258,0.8269806494300832
tarayıcı_internet,25,202,0.8168316831683168,0.7317413937775906,0.8415620060889237
temel_bilgisayar,25,202,0.8465346534653465,0.7051528560077684,0.8719342111215297
