task_count,records,tokens,accuracy,macro_f1,weighted_f1
1,33,252,0.8134920634920635,0.6297769145797144,0.826806287817271
2,47,422,0.8862559241706162,0.8867479673793477,0.8887727170484113
3,18,199,0.864321608040201,0.8100764163372858,0.8501658490078852
4,2,39,0.4358974358974359,0.39340016708437764,0.49735878156930785
