domain,records,tokens,accuracy,macro_f1,weighted_f1
dosya_yazılım_geliştirme,25,272,0.8713235294117647,0.8004443467725773,0.8669971421019893
ofis_metin_düzenleme,25,236,0.9110169491525424,0.8935784957036574,0.9142582136993184
tarayıcı_internet,25,202,0.8564356435643564,0.7705113097911956,0.8841357544567185
temel_bilgisayar,25,202,0.900990099009901,0.8531825411449023,0.8965497075949568
