task_count,records,tokens,accuracy,macro_f1,weighted_f1
1,33,252,0.8968253968253969,0.7843875614248881,0.9045605673528935
2,47,422,0.9004739336492891,0.9139781039774005,0.9005386864977518
3,18,199,0.8844221105527639,0.8091958041958043,0.8743747876913707
4,2,39,0.6410256410256411,0.5476127320954907,0.6578385363531252
