{
  "model": "Gemini",
  "normalized": true,
  "records_gold": 200,
  "records_evaluated": 200,
  "tokens_evaluated": 1706,
  "boundary_accuracy": 0.9507620164126612,
  "boundary_macro_f1": 0.9432790655893073,
  "boundary_weighted_f1": 0.9513060333864822,
  "boundary_cohen_kappa": 0.9207901966094949,
  "task_accuracy": 0.9167643610785463,
  "task_macro_f1": 0.8923359347408331,
  "task_weighted_f1": 0.9081709459491911,
  "task_cohen_kappa": 0.9094027399227508,
  "task_no_o_accuracy": 0.9060693641618497,
  "task_no_o_macro_f1": 0.8692144149023311,
  "task_no_o_cohen_kappa": 0.8997605998764279,
  "task_exact_match_count": 137,
  "task_exact_match_rate": 0.685,
  "boundary_exact_match_count": 158,
  "boundary_exact_match_rate": 0.79,
  "both_exact_match_count": 136,
  "both_exact_match_rate": 0.68,
  "invalid_boundary_token_count": 0,
  "invalid_task_token_count": 0,
  "invalid_boundary_labels": {},
  "invalid_task_labels": {},
  "missing_id_count": 0,
  "length_error_count": 0
}