task_count,records,tokens,accuracy,macro_f1,weighted_f1
1,33,252,0.8174603174603174,0.653821855290038,0.8001137682949911
2,47,422,0.8720379146919431,0.882106677350805,0.8766036598678121
3,17,191,0.8638743455497382,0.7877247297426478,0.851566825507036
4,2,39,0.38461538461538464,0.42440087145969496,0.44977375565610855
