task_count,records,tokens,accuracy,macro_f1,weighted_f1
1,33,252,0.7579365079365079,0.5305666747344554,0.7670695598646323
2,47,422,0.8056872037914692,0.781156290658896,0.8040064149774191
3,18,199,0.6633165829145728,0.5157355726402068,0.6438993979329053
4,2,39,0.7435897435897436,0.5926470588235294,0.7453996983408748
