dataset,accuracy,macro_f1,weighted_f1,exact_match_rate,exact_match_count,record_count
internal_test_250,0.9620034542314335,0.9624039455077547,0.961612922520556,0.824,206,250
challenge_gold_100,0.8848684210526315,0.8280948408865846,0.883486519994078,0.6,60,100
challenge_gold_filtered_99,0.8838495575221239,0.8263004035826549,0.8823892827211492,0.5959595959595959,59,99
