domain,records,tokens,accuracy,macro_f1,weighted_f1
dosya_yazılım_geliştirme,101,747,0.9022757697456493,0.8646475807745758,0.9009272988624224
ofis_metin_düzenleme,64,394,0.9365482233502538,0.9094213112554326,0.9345052013085553
tarayıcı_internet,35,261,0.9157088122605364,0.940800061086455,0.9149202799812374
temel_bilgisayar,50,335,0.8955223880597015,0.9104063130698132,0.8951482635129951
