task_count,records,tokens,accuracy,macro_f1,weighted_f1
1,84,401,0.8379052369077307,0.8298335244999361,0.8416820514351924
2,70,465,0.9548387096774194,0.9587500041592968,0.9549648877152522
3,65,552,0.9148550724637681,0.908859786620432,0.9114048825819004
4,21,201,0.9303482587064676,0.8967307158678577,0.932548945154396
5,10,118,0.9322033898305084,0.9260024420024421,0.9337875871774177
