domain,records,tokens,accuracy,macro_f1,weighted_f1
dosya_yazılım_geliştirme,25,272,0.875,0.8107478498729813,0.8675913248304167
ofis_metin_düzenleme,24,228,0.8157894736842105,0.7733108979380765,0.8209179334233035
tarayıcı_internet,25,202,0.8168316831683168,0.7317413937775906,0.8415620060889237
temel_bilgisayar,25,202,0.8465346534653465,0.7051528560077684,0.8719342111215297
