domain,records,tokens,accuracy,macro_f1,weighted_f1
dosya_yazılım_geliştirme,25,272,0.8639705882352942,0.7164616692671758,0.8537154440719815
ofis_metin_düzenleme,25,236,0.7838983050847458,0.7154514861079155,0.7967989128659702
tarayıcı_internet,25,202,0.8168316831683168,0.7084659442191202,0.8403534101041783
temel_bilgisayar,25,202,0.8762376237623762,0.7702348142054023,0.8951149074183437
