task_count,records,tokens,accuracy,macro_f1,weighted_f1
1,33,252,0.8174603174603174,0.653821855290038,0.8001137682949911
2,47,422,0.8720379146919431,0.882106677350805,0.8766036598678121
3,18,199,0.8693467336683417,0.8006502583653369,0.8573720249083652
4,2,39,0.38461538461538464,0.42440087145969496,0.44977375565610855
