domain,records,tokens,accuracy,macro_f1,weighted_f1
dosya_yazılım_geliştirme,101,747,0.9544846050870147,0.9249354877628051,0.9503342764398861
ofis_metin_düzenleme,64,394,0.9644670050761421,0.9362917867181275,0.9652076625510028
tarayıcı_internet,35,261,0.9693486590038314,0.9824991329034777,0.9689639433729639
temel_bilgisayar,50,335,0.9283582089552239,0.9287704602926579,0.9323844312860133
