task_count,records,tokens,accuracy,macro_f1,weighted_f1
1,84,401,0.912718204488778,0.9261949969682194,0.9149547437465662
2,70,465,0.9741935483870968,0.9688722931544619,0.9726815986552936
3,65,552,0.9637681159420289,0.9438564502442486,0.9630418659109256
4,21,201,0.9552238805970149,0.9269817484103199,0.9504569504569504
5,10,118,0.9661016949152542,0.9329523809523809,0.9565778853914447
